prompt,cost,accuracy
simple,11.047200000000288,0.7512934
standard,18.547199999999513,0.777228
fewshot_1,31.047199999998856,0.79040277
fewshot_3,51.04719999999946,0.8409621
