prompt,cost,accuracy
simple,22.38919999999979,0.07500219069236409
standard,37.38919999999645,0.13481040545820386
fewshot_1,62.38920000000342,0.30191034310487086
fewshot_3,102.38919999998981,0.7059289547011206
