prompt,cost,accuracy
simple,2.127399999999997,0.7547379
standard,3.627399999999982,0.7751669
fewshot_1,6.1273999999999464,0.8196793
fewshot_3,10.127399999999987,0.89226663
