prompt,cost,accuracy
simple,6.510400000000317,0.08168372978391221
standard,11.010400000000091,0.15547562561498002
fewshot_1,18.510399999999652,0.3071172261034538
fewshot_3,30.51040000000053,0.7481112356414892
