prompt,cost,accuracy
simple,6.510400000000317,0.082807146
standard,11.010400000000091,0.083685346
fewshot_1,18.510399999999652,0.08456618
fewshot_3,30.51040000000053,0.08408964
