prompt,cost,accuracy
simple,112.99850000004413,0.02604917
standard,187.99850000004432,0.026188657
fewshot_1,312.9985000000451,0.025817193
fewshot_3,512.9985000000376,0.025798395
