prompt,cost,accuracy
simple,6.510400000000317,0.09157481748409875
standard,11.010400000000091,0.14132895471520837
fewshot_1,18.510399999999652,0.349015689713373
fewshot_3,30.51040000000053,0.7260143566428277
