prompt,cost,accuracy
simple,6.510400000000317,0.08393057009061425
standard,11.010400000000091,0.1739293235177595
fewshot_1,18.510399999999652,0.3197029057519455
fewshot_3,30.51040000000053,0.7308662895782444
