prompt,cost,accuracy
simple,6.510400000000317,0.08640256
standard,11.010400000000091,0.07925531
fewshot_1,18.510399999999652,0.084739976
fewshot_3,30.51040000000053,0.086684205
