prompt,cost,accuracy
simple,13.315900000000196,0.07921293251356215
standard,22.315899999998646,0.14067416792204487
fewshot_1,37.315899999999615,0.30761071282778907
fewshot_3,61.31589999999871,0.708688180154561
