algorithm,IGD_mean,IGD_std,Delta_mean,Delta_std,Mn_mean,Mn_std
Random Search,0.6678458540653803,0.18803909736969815,0.7416222972168601,0.20671511957557753,7.333333333333333,1.1547005383792517
NSGA-II,0.0,0.0,0.6785336780968224,0.1592622674144769,12.666666666666666,4.041451884327381
SPEA2,0.8320125142956419,0.07211775671320317,0.3125827360015389,0.24202101131889867,6.333333333333333,3.055050463303893
