algorithm,IGD_mean,IGD_std,Delta_mean,Delta_std,Mn_mean,Mn_std
Random Search,0.09691684599269378,0.05039688755911353,0.6397690486044699,0.11413842731581587,20.333333333333332,4.509249752822894
NSGA-II,0.0,0.0,0.5856788442357838,0.1376707124127745,40.0,0.0
SPEA2,0.2307125186988088,0.08689995730399999,0.6118279719062566,0.080552433156458,12.333333333333334,1.5275252316519468
