algorithm,IGD_mean,IGD_std,Delta_mean,Delta_std,Mn_mean,Mn_std
Random Search,0.07230503814915293,0.022633066596865228,0.7686280327766389,0.016613656087099485,13.0,3.605551275463989
NSGA-II,0.0,0.0,0.6872515781291467,0.11157381144295106,38.333333333333336,2.8867513459481287
SPEA2,0.1252934044109311,0.039032987484762215,0.7425402263872899,0.2718185353979374,7.666666666666667,0.5773502691896258
