algorithm,IGD_mean,IGD_std,Delta_mean,Delta_std,Mn_mean,Mn_std
Random Search,7.527333333332046,0.904939961175304,0.0,0.0,2.0,0.0
NSGA-II,0.0,0.0,,,2.0,1.0
SPEA2,8.191999999998695,0.5838664230790472,inf,,1.3333333333333333,0.5773502691896257
